Month,Raw_C20,Raw_C22,Raw_C29,Raw_F,EngleGranger_P_C22,EngleGranger_P_C29,EngleGranger_P_F,System_Cointegrated
2000-01-01,78.9,79.8,91.2,104.2,,,,
2000-02-01,80.1,81.3,94.7,106.5,,,,
2000-03-01,78.9,81.7,94.7,105.0,,,,
2000-04-01,79.6,81.6,96.2,103.8,,,,
2000-05-01,80.8,82.8,98.5,106.4,,,,
2000-06-01,81.1,81.8,95.8,103.1,,,,
2000-07-01,79.8,82.7,99.3,103.3,,,,
2000-08-01,81.5,80.3,96.9,105.3,,,,
2000-09-01,80.3,82.6,96.4,102.9,,,,
2000-10-01,82.3,83.1,96.0,102.3,,,,
2000-11-01,83.0,85.0,98.7,103.6,,,,
2000-12-01,84.5,85.9,102.5,107.7,,,,
2001-01-01,81.3,83.6,103.4,104.5,,,,
2001-02-01,80.8,83.8,103.2,105.5,,,,
2001-03-01,80.0,83.7,102.4,102.2,,,,
2001-04-01,79.4,81.6,98.6,101.9,,,,
2001-05-01,79.7,83.1,99.4,104.5,,,,
2001-06-01,79.9,83.1,100.0,104.5,,,,
2001-07-01,79.1,81.4,95.7,103.2,,,,
2001-08-01,79.0,83.3,102.7,104.4,,,,
2001-09-01,78.3,82.4,99.3,103.5,,,,
2001-10-01,79.1,81.7,96.0,104.8,,,,
2001-11-01,77.8,80.2,94.3,104.0,,,,
2001-12-01,76.6,80.8,95.6,105.6,,,,
2002-01-01,78.6,81.0,96.7,103.7,,,,
2002-02-01,80.2,82.3,95.9,105.6,,,,
2002-03-01,81.2,82.7,97.8,105.1,,,,
2002-04-01,80.8,83.2,98.4,102.9,,,,
2002-05-01,81.9,82.5,96.5,102.5,,,,
2002-06-01,80.9,82.6,100.9,102.2,,,,
2002-07-01,81.8,82.5,97.3,101.9,,,,
2002-08-01,81.5,83.3,105.6,103.5,,,,
2002-09-01,82.2,83.2,100.8,104.2,,,,
2002-10-01,81.4,83.1,99.1,102.7,,,,
2002-11-01,82.1,83.8,101.7,103.5,,,,
2002-12-01,81.1,82.6,99.3,102.8,,,,
2003-01-01,82.1,84.0,101.0,101.5,,,,
2003-02-01,81.1,83.0,99.8,100.7,,,,
2003-03-01,83.5,83.6,100.2,104.5,,,,
2003-04-01,82.4,84.0,100.3,103.8,,,,
2003-05-01,80.8,82.5,99.1,102.6,,,,
2003-06-01,80.5,83.0,95.8,104.2,,,,
2003-07-01,80.8,84.6,99.7,103.6,,,,
2003-08-01,80.0,84.3,97.0,101.2,,,,
2003-09-01,79.0,84.4,98.0,102.7,,,,
2003-10-01,80.8,85.7,99.2,102.3,,,,
2003-11-01,81.6,86.4,105.5,102.4,,,,
2003-12-01,81.9,86.3,107.2,103.9,,,,
2004-01-01,81.7,86.2,99.4,101.7,,,,
2004-02-01,84.3,86.7,102.1,103.6,,,,
2004-03-01,82.1,86.5,102.3,103.3,,,,
2004-04-01,84.4,87.3,103.3,103.4,,,,
2004-05-01,83.1,86.4,107.0,102.2,,,,
2004-06-01,84.3,87.5,106.4,102.3,,,,
2004-07-01,83.5,86.4,104.3,101.8,,,,
2004-08-01,85.4,84.6,103.8,100.6,,,,
2004-09-01,85.6,85.9,106.4,102.2,,,,
2004-10-01,86.9,85.8,108.3,103.0,,,,
2004-11-01,85.8,86.1,104.2,102.9,,,,
2004-12-01,86.0,85.5,103.1,101.4,,,,
2005-01-01,86.7,86.7,107.3,103.9,0.0009017641944773458,0.3217559062089834,0.6185380966685033,1
2005-02-01,85.5,85.5,105.3,101.4,0.0015053053716932462,0.2292639428598955,0.7905479290192794,1
2005-03-01,85.5,84.9,106.4,101.0,0.0024029566242999775,0.16555188088148365,0.6324083067368033,1
2005-04-01,86.8,87.4,111.1,103.5,0.00625188481379136,0.1292470871992245,0.48732567666202903,1
2005-05-01,85.8,85.7,104.8,104.3,0.003593615415948021,0.09803897034448827,0.6614997947433401,1
2005-06-01,85.1,86.4,108.6,104.1,0.005874603027537285,0.10417071134892864,0.728653243616383,1
2005-07-01,85.5,87.5,111.0,105.1,0.0050893362377581975,0.08298546951918834,0.6768885395231872,1
2005-08-01,87.0,86.2,104.3,105.0,0.002014542528276391,0.07369601418673645,0.75504734380316,1
2005-09-01,87.9,89.0,110.4,105.4,0.5976502294541738,0.06320089576796158,0.8709534762018138,1
2005-10-01,88.2,88.3,110.0,105.2,0.568014759271664,0.051073673166530456,0.939544822745359,1
2005-11-01,88.2,88.6,111.0,104.9,0.5314961740390742,0.03679914426750691,0.9584368730468403,1
2005-12-01,89.1,88.3,107.9,104.8,0.5223200451122545,0.027954923618185946,0.9610118078277192,1
2006-01-01,88.4,87.5,108.1,104.0,0.5513427795396806,0.039585495653853935,0.9742532388978804,1
2006-02-01,87.4,87.8,109.0,104.4,0.5894048966380462,0.038750613991756964,0.96759625356876,1
2006-03-01,87.9,87.6,110.3,104.0,0.4809596327666617,0.018055102917770058,0.9409983314969861,1
2006-04-01,87.9,88.9,108.4,106.8,0.4602049203482834,0.01270762366485662,0.9438826039669165,1
2006-05-01,91.7,91.0,114.0,106.9,0.4072676244739274,0.012082718070097467,0.9588035449453144,1
2006-06-01,90.2,91.2,111.6,108.0,0.393461703724558,0.010015695219255464,0.9763407081535609,1
2006-07-01,90.2,91.5,115.6,108.5,0.36877396518613936,0.008291064716257126,0.9518612448349345,1
2006-08-01,90.7,91.6,109.0,108.5,0.3452884513864851,0.004145595683615864,0.88762332299267,1
2006-09-01,91.9,92.5,113.5,108.8,0.3371617499859315,0.006569858986787045,0.8524869265702089,1
2006-10-01,90.3,92.3,110.3,111.7,0.32577471524306334,0.005634165164746595,0.8316068644540375,1
2006-11-01,90.0,93.1,113.6,112.7,0.3367516597939506,0.0047509054673706055,0.8774058924079078,1
2006-12-01,95.8,92.5,114.7,116.2,0.39534495713705053,0.002297697369665627,0.7991181566964544,1
2007-01-01,92.5,95.6,116.1,111.0,0.2091330027598059,0.0039951475637232,0.8122260632544197,1
2007-02-01,93.2,95.6,115.1,112.9,0.1585596411017336,0.0021209582214254783,0.535562032238279,1
2007-03-01,94.4,96.5,117.1,112.2,0.2005512006948908,0.0012960528130945691,0.7733663454483257,1
2007-04-01,92.1,94.8,114.4,112.5,0.23578209888797136,0.0010967994198330916,0.8084229896334676,1
2007-05-01,93.7,96.5,117.0,111.5,0.49943061318205545,0.0006598616253071208,0.843287632973363,1
2007-06-01,93.8,96.4,119.9,110.9,0.4732284702810597,3.401217864170121e-10,0.8518406302410805,1
2007-07-01,93.3,95.7,119.8,112.0,0.5123051579813298,6.325045654756187e-10,0.5801210434487242,1
2007-08-01,93.1,96.0,115.8,111.8,0.3290754640459347,1.8526360959597005e-09,0.5708921413779334,1
2007-09-01,92.9,95.2,120.4,111.7,0.5541977655209154,7.193416943846087e-10,0.631262840005633,1
2007-10-01,94.8,96.3,120.8,112.0,0.5436361623843478,2.1944183690821556e-10,0.6299971295970639,1
2007-11-01,92.9,95.1,119.2,111.3,0.2948472382823908,4.665841933682969e-11,0.6183141871786986,1
2007-12-01,93.9,96.2,119.1,112.0,0.5169067275760121,0.00028648160540818376,0.5803393383723435,0
2008-01-01,95.8,97.0,123.5,114.4,0.4987160267117341,0.00014967404387135789,0.48731197990730696,0
2008-02-01,94.8,98.4,124.4,115.4,0.5151498783598328,7.903922085475572e-05,0.5653879347872657,1
2008-03-01,93.5,96.8,120.1,114.5,0.5284432285012767,0.0003408036069466576,0.5755458731931415,0
2008-04-01,93.9,97.3,123.5,111.8,0.5382452641343184,0.00041292116571842673,0.49174233206196394,0
2008-05-01,92.7,94.5,115.5,110.9,0.5755760491685523,0.0008902868272326255,0.4089832407551468,0
2008-06-01,92.2,94.1,115.9,110.5,0.4357740764066787,0.0006959792312489231,0.4250269063728609,0
2008-07-01,93.1,93.7,112.7,109.5,0.34742203273866623,0.0001633285130036552,0.3234594991336311,1
2008-08-01,93.1,92.0,113.1,110.6,0.13620579432794622,0.00010846830935423391,0.3161404839809502,1
2008-09-01,91.4,91.2,109.5,108.3,0.24599253246191977,0.001959404050287937,0.23134381368970736,0
2008-10-01,89.8,87.1,98.7,106.8,0.2877192844881086,0.007405809844458528,0.1629113394370078,0
2008-11-01,78.8,82.0,91.6,105.6,0.3876534882416247,0.20832946638091288,0.018268894243621256,0
2008-12-01,71.7,76.1,77.4,103.6,0.16195683424392088,0.053417188864830656,0.08075126287284468,1
2009-01-01,71.3,76.1,74.5,102.8,0.1406487550725466,0.04331055503159727,0.36475903532981135,1
2009-02-01,74.2,74.8,66.6,105.8,0.19755389686785702,0.3324214078715958,0.3788554977290713,1
2009-03-01,72.9,74.8,75.1,104.8,0.07728111961362934,0.821415857458869,0.5911179970894931,1
2009-04-01,74.8,74.5,72.0,103.9,0.07366738885871414,0.8092568378882703,0.7320764883468647,1
2009-05-01,76.3,76.2,81.4,103.0,0.08061239269776566,0.7663066200458611,0.5371943770781141,0
2009-06-01,80.3,77.9,84.4,103.2,0.0837097947877326,0.7231797147072674,0.3855432130025892,0
2009-07-01,83.0,80.0,85.1,102.3,0.13264115492891332,0.740902107806862,0.2539128488646773,1
2009-08-01,82.1,81.9,89.3,102.0,0.20587038373221267,0.8219334902119938,0.21233251047608503,1
2009-09-01,83.9,83.1,93.2,101.5,0.10847800072573238,0.7769943822921676,0.20831439812004238,0
2009-10-01,84.6,82.3,90.3,100.1,0.10390213850586583,0.7583226451907417,0.2289927742783821,0
2009-11-01,85.7,82.8,90.8,100.5,0.1454190028707807,0.7935614760711118,0.275809826575939,0
2009-12-01,83.1,82.7,89.2,97.9,0.19946175192133864,0.8736270676753213,0.02259904139601834,0
2010-01-01,85.0,82.5,91.7,96.5,0.11855716216448209,0.8440670911057597,0.020777742045330207,0
2010-02-01,85.6,82.1,90.4,94.9,0.17473151793552288,0.8186681478839453,0.02710444517923846,0
2010-03-01,87.3,83.3,95.8,98.8,0.24346985952190303,0.8534716712547512,0.04878801064180111,0
2010-04-01,88.1,84.4,96.3,97.6,0.32865510257683167,0.811498343477256,0.0370921080503366,0
2010-05-01,89.9,86.3,102.8,97.5,0.33757250500281866,0.813596155899726,0.04227647008998458,0
2010-06-01,91.0,86.2,102.4,104.8,0.31388342733273644,0.7217954119981255,0.08792995089520111,0
2010-07-01,90.3,86.6,98.0,95.2,0.36685619080852483,0.7513486536245075,0.029545013970509935,0
2010-08-01,90.7,87.1,98.2,95.3,0.23538062713202673,0.7285875911627279,0.674499063360493,0
2010-09-01,90.7,87.3,106.5,96.0,0.20345496397939028,0.6685845876166936,0.2397164144767272,0
2010-10-01,90.0,88.7,108.6,96.7,0.19117401409196583,0.6472494057371045,0.2543475103197955,0
2010-11-01,91.5,89.4,107.2,95.8,0.1168714293359262,0.06078957554960473,0.2215292099931871,0
2010-12-01,90.2,88.8,115.7,90.1,0.10299165921995362,0.5569135498987109,0.6053518645231337,0
2011-01-01,91.7,90.1,111.1,96.1,0.1531370564095817,0.1691342179752071,0.6587885739800304,0
2011-02-01,92.9,91.1,113.5,97.0,0.09857251458472999,0.12470377327146603,0.5164538053212924,0
2011-03-01,92.9,91.0,113.0,96.1,0.12145447137168364,0.13814566176983484,0.6087821610334617,0
2011-04-01,92.2,91.0,111.8,96.2,0.11351212546090211,0.07700370252909626,0.5718676613599415,1
2011-05-01,91.4,91.6,116.2,97.3,0.0929273368064431,0.06845489361143714,0.5521553190398004,1
2011-06-01,90.2,89.6,110.9,95.3,0.0678483847784463,0.05087417934990876,0.48189351636610744,1
2011-07-01,90.7,90.5,114.5,95.8,0.1350498925223539,0.07494669695054343,0.5043157845766846,1
2011-08-01,90.3,89.8,114.7,95.7,0.13593409261874762,0.06897284817154424,0.4983371796046105,1
2011-09-01,89.4,89.2,113.2,96.1,0.136845216788272,0.06965659738547499,0.49344211347758404,1
2011-10-01,87.7,89.2,115.1,93.9,0.13467912804171706,0.07891150467543045,0.45175260519204213,1
2011-11-01,87.9,90.6,112.1,96.5,0.13006558632379206,0.12564852478918198,0.43947195327406274,1
2011-12-01,87.2,89.3,112.9,95.2,0.1428968756448471,0.11533087635947803,0.4336779233857987,0
2012-01-01,89.1,88.9,113.4,97.2,0.14567477310214205,0.1261468838437762,0.4226481497452337,0
2012-02-01,88.3,87.2,113.0,87.7,0.10917672940109735,0.09175596000691011,0.43659207835102765,1
2012-03-01,89.6,88.7,110.6,96.3,0.10174676744759253,0.07895946785421998,0.44933975270280846,0
2012-04-01,89.7,86.9,109.2,94.1,0.10416732037777288,0.07239685779020938,0.4123712447568007,1
2012-05-01,89.8,87.3,110.0,94.8,0.11752687882126789,0.037827044949875384,0.41648704422930033,1
2012-06-01,88.1,86.4,108.4,94.2,0.007441449741606767,0.019588013735648384,0.41501741465039954,1
2012-07-01,88.6,87.5,111.0,94.1,0.0053332317563759965,0.057368752892164046,0.416747466572564,1
2012-08-01,89.3,87.9,113.9,95.2,0.007810946553811288,0.05877837824792874,0.4343426286562986,1
2012-09-01,88.6,87.0,109.7,93.2,0.008367101046931811,0.06281134662458861,0.4377940714078395,1
2012-10-01,88.2,85.9,103.7,93.7,0.009383088646807541,0.053644154298218054,0.43260651197719374,1
2012-11-01,88.0,84.8,105.2,93.4,0.01053780087002414,0.05348459837190987,0.43170399556463634,1
2012-12-01,88.3,85.7,106.3,91.6,0.14393339113378673,0.05279093952961754,0.4280223762231546,1
2013-01-01,88.5,85.6,102.5,89.2,0.013298176967858254,0.04614973138565451,0.4286171203028665,1
2013-02-01,87.7,86.1,105.5,89.3,0.015781663526225582,0.04019064328808374,0.4351863685038567,1
2013-03-01,87.9,85.9,109.1,87.9,0.013409850881820349,0.0414877711440215,0.41957652826776204,1
2013-04-01,87.5,86.9,110.6,90.8,0.013704883471924889,0.05301504903982252,0.42980466390134897,1
2013-05-01,90.1,87.1,108.3,91.1,0.0138374900530348,0.06570446286419783,0.41407951465363857,1
2013-06-01,89.3,88.7,112.0,92.4,0.018119309753302455,0.03992518128583466,0.4428818895981536,1
2013-07-01,89.6,88.1,106.3,93.4,0.011810333827595448,0.05215589127730678,0.4279233015128706,1
2013-08-01,88.5,89.4,121.0,93.2,0.01275386388546889,0.052326249482157666,0.42847038876245924,1
2013-09-01,88.7,89.5,114.1,93.2,0.011433968656660305,0.09195829328530758,0.4269102663771188,1
2013-10-01,90.4,89.6,110.4,93.5,0.01032771783645132,0.1015188188447067,0.4312222265376755,1
2013-11-01,90.3,90.0,117.9,92.4,0.00695041975891455,0.033757012499067596,0.39125920125902197,1
2013-12-01,90.4,90.1,117.8,93.3,0.014126694979477116,0.04908770512520306,0.4090420870766335,1
2014-01-01,90.8,90.2,115.5,93.6,0.04888443970893304,0.054490925451698605,0.3648253442856034,1
2014-02-01,90.8,90.6,116.4,93.4,0.05368311113440534,0.04212052816400166,0.3422735456875593,1
2014-03-01,90.5,90.2,117.0,94.2,0.054668269399500626,0.047122449417567866,0.38480250306620467,1
2014-04-01,90.5,90.5,116.3,93.9,0.0454904765323045,0.048511604882506866,0.3010131801048738,1
2014-05-01,88.7,89.2,116.4,91.7,0.04303427536299651,0.0513852413367966,0.30691470921080555,1
2014-06-01,89.3,90.4,116.9,92.3,0.04261672434765537,0.07107272834908314,0.2963332750036374,1
2014-07-01,90.4,91.0,123.1,92.1,0.043430185463235266,0.0743226883791875,0.29959496286358167,1
2014-08-01,89.6,89.2,105.9,92.4,0.03364985556405591,0.10336031098753812,0.2993600408833983,1
2014-09-01,89.4,89.7,116.4,91.9,0.03283981111716101,0.04684123091720368,0.2239189169321123,1
2014-10-01,89.2,89.8,114.3,93.0,0.03822116206601877,0.059966013448854834,0.27428722242750614,1
2014-11-01,88.2,90.1,119.1,91.5,0.03282186200032626,0.05884800678464348,0.11080881917555069,1
2014-12-01,89.8,90.7,120.0,92.4,0.16687636894056596,0.08548372209223376,0.0003660132011806135,1
2015-01-01,89.3,91.0,115.9,92.2,0.09356337262290504,0.356351526764513,1.6501234190899404e-05,1
2015-02-01,89.3,91.8,119.2,90.7,0.09539449119162985,0.07694602578119226,0.002410996764629779,1
2015-03-01,89.8,92.6,118.9,92.9,0.031041124186714567,0.09304873230320676,0.0017267231205454422,1
2015-04-01,89.8,92.1,119.6,92.1,0.030611381367852814,0.08685646465014668,0.10487336635339467,1
2015-05-01,89.8,92.8,122.9,92.3,0.04336885803441423,0.09051187484121909,0.07395196754813065,1
2015-06-01,90.4,93.2,120.2,92.3,0.05592740307315796,0.08556452608708587,0.03333679705836335,1
2015-07-01,90.3,93.5,128.7,91.5,0.3077564319624597,0.0641626677728214,0.010342874173569664,1
2015-08-01,90.2,92.6,120.8,92.0,0.336576192447638,0.0964249358373559,0.007878342534050774,1
2015-09-01,89.7,93.5,122.4,92.2,0.2620821036650711,0.049839248998792454,0.0027624091647885335,1
2015-10-01,89.8,94.4,126.7,92.4,0.3130205799808145,0.15659718609116607,0.045293931330147405,1
2015-11-01,90.8,94.4,122.0,93.4,0.25370626885829495,0.11896985316355912,0.07044245548553178,1
2015-12-01,90.0,93.6,119.8,93.2,0.062426039509903754,0.02954111697658225,0.011064185348090779,1
2016-01-01,95.3,95.3,125.8,94.0,0.007616541449401725,0.18869344832941853,0.0471129281352149,1
2016-02-01,92.4,95.5,124.4,92.6,0.09121758186737494,0.039268897331318546,0.03951344570735178,1
2016-03-01,90.5,94.1,123.4,92.6,0.061116940416282454,0.031231011013794822,0.01369890528534679,1
2016-04-01,89.8,96.3,128.5,93.1,0.023017278478401987,0.0035644678810514397,0.0025706828352835883,1
2016-05-01,92.3,95.2,120.0,93.0,0.35959133948666233,0.014463410120985943,0.016828103702470055,1
2016-06-01,90.2,95.1,126.3,93.2,0.1577584686014073,0.12658044383405304,0.10485906531044287,1
2016-07-01,92.2,94.4,124.2,93.9,0.24461666652806396,0.02285207166712438,0.052786714781016285,1
2016-08-01,89.0,95.6,127.5,95.0,0.202788815146771,0.021867011892845345,0.09055213369629905,1
2016-09-01,89.7,95.9,124.2,94.4,0.04732221281163197,0.07058391325905528,0.07147524197534876,1
2016-10-01,88.2,96.0,126.9,94.5,0.078578269728013,0.06907184340567842,0.09013118854512048,1
2016-11-01,90.4,96.6,122.6,95.4,0.12523613425004776,0.10381952890110663,0.006441559411729969,1
2016-12-01,92.3,97.1,119.3,95.7,0.10629771846940961,0.09326672650349555,0.13570534674766105,1
2017-01-01,97.0,96.6,124.7,93.6,0.051520129174998826,0.07880560821957927,0.006926602453486921,1
2017-02-01,97.7,98.0,125.3,96.5,0.05537111700991592,0.1906961174683371,0.5366717989760322,1
2017-03-01,97.3,99.4,125.9,97.8,0.0032362652059901337,0.3506626926409631,0.5179385738042898,1
2017-04-01,96.8,99.2,125.3,97.9,0.07321312518773518,0.35615975757537693,0.5064385123747509,1
2017-05-01,96.6,99.7,128.5,98.5,0.0020727657270159213,0.057128675297914364,0.14586858400615332,1
2017-06-01,98.2,99.8,126.5,98.3,0.1273643761268391,0.4663020703022489,0.17527424663179103,1
2017-07-01,96.9,100.9,128.1,98.5,0.39177713511222517,0.7669991157297109,0.30894580327872334,1
2017-08-01,98.8,101.0,137.1,99.1,0.17476720474189966,0.5009088591063487,0.2144182906744062,1
2017-09-01,97.1,101.3,130.6,98.4,0.2856754041714667,0.5042647498578511,0.22116107405218072,1
2017-10-01,98.6,101.9,128.3,99.8,0.2341479675451809,0.4642488199132393,0.19549587466545298,1
2017-11-01,99.4,102.7,133.8,99.8,0.16750206913855042,0.5005702701565503,0.214052635269675,1
2017-12-01,100.4,102.5,129.7,100.9,0.24291537189879964,0.47034135666237986,0.23335390296398217,1
2018-01-01,99.9,101.9,132.5,99.1,0.2806948728357047,0.5522913466156933,0.20839177382845003,1
2018-02-01,100.9,99.6,126.2,96.9,0.365352175118287,0.6135483054445661,0.23992645566078047,1
2018-03-01,99.6,100.0,133.3,96.1,0.5705940068297422,0.7607832092957691,0.41805214769250637,1
2018-04-01,98.2,99.2,132.6,98.8,0.5211946594860306,0.6415046694446743,0.01993024087000508,1
2018-05-01,101.2,101.2,131.3,98.9,0.4184956723302818,0.2764008285284837,0.0027396149565462515,1
2018-06-01,99.6,101.8,132.7,100.3,0.660683020583172,0.3675834545194321,0.0030106133600254384,1
2018-07-01,98.9,101.2,126.2,100.5,0.4569833171758797,0.3442496151865291,0.0008843054051614185,1
2018-08-01,97.2,100.9,125.4,100.9,0.3746817916488836,0.3824120638447907,0.0005475617772833044,1
2018-09-01,94.9,100.7,123.7,101.4,0.33869482122910344,0.3563228113482667,0.00032221923823113594,1
2018-10-01,95.8,100.9,125.6,100.8,0.2592171899152429,0.2711223682948374,0.0009226670323467565,1
2018-11-01,94.6,99.8,122.1,101.1,0.2664559425406837,0.24919790300667793,0.005869140427031588,1
2018-12-01,93.0,100.9,126.5,102.7,0.2689804248279921,0.271558920090306,0.16623527243218628,1
2019-01-01,96.4,100.7,123.7,99.7,0.7280713522467754,0.24244511865467916,0.0024025330924147457,0
2019-02-01,94.4,99.9,125.4,102.9,0.7732061400591346,0.26796721225697084,0.0017678073899814926,1
2019-03-01,95.6,100.3,125.3,103.1,0.7400340932972231,0.2664977172026712,0.23080136889543973,1
2019-04-01,96.8,100.2,124.6,102.8,0.7495053101628546,0.2571464472848438,0.27532755107829265,1
2019-05-01,96.1,99.9,130.5,102.0,0.7406761452021641,0.287940300764973,0.17204755567923535,1
2019-06-01,95.3,98.8,126.4,102.1,0.7751696706152725,0.2527345292251747,0.16443798140211724,1
2019-07-01,97.3,99.5,124.4,102.4,0.7156393839340478,0.2412207809195538,0.1829830454558366,1
2019-08-01,99.9,100.5,125.1,102.1,0.7425925311128428,0.2653808354903568,0.1742220177199293,1
2019-09-01,91.8,99.4,123.9,102.7,0.07010047819052183,0.3585668444046242,0.10837446004692941,1
2019-10-01,96.5,98.3,120.6,101.8,0.11921061575627107,0.16737458579808,0.17163285884029644,1
2019-11-01,93.8,98.6,119.9,101.9,0.11401810192768475,0.19124405247392817,0.18287532575728271,1
2019-12-01,98.5,96.5,115.2,101.6,0.10592156227237781,0.1660026638539715,0.27015113321807155,1
2020-01-01,98.0,99.3,120.9,104.0,0.04451611522536163,0.3681964927972441,0.2030013363122996,1
2020-02-01,95.8,100.2,122.6,103.3,0.05407369521948935,0.4509327957071314,0.20350323870667597,1
2020-03-01,95.2,85.6,79.4,89.0,0.023387695196837463,0.2368560525592756,0.2185021391601411,1
2020-04-01,89.4,66.7,19.5,75.6,0.2288602538413495,0.8573143185144387,0.19796189523203245,1
2020-05-01,88.5,76.5,60.8,91.6,0.7999941755904358,0.8438588102791744,0.4608746082722934,0
2020-06-01,90.2,86.7,95.6,97.2,0.4674492326016796,0.672237884964086,0.29678811593809873,1
2020-07-01,92.3,93.5,110.0,97.9,0.14354187457277873,0.5223467435177678,0.0012632172968299867,1
2020-08-01,96.3,96.4,105.9,100.6,0.11336352716571174,0.5109420832777409,0.0008295037685187269,1
2020-09-01,98.4,97.3,114.5,99.2,0.14157730280124392,0.5989798873689901,0.0006130513020522131,0
2020-10-01,95.3,100.2,123.4,98.8,0.17049109805377455,0.6504742376555522,0.0009044604060777316,0
2020-11-01,101.3,100.9,124.1,99.9,0.11896756187521312,0.5391886740681087,0.0006406516588894231,0
2020-12-01,100.3,101.9,119.3,101.3,0.17251466399427923,0.6812712227924219,0.0009710869773759788,1
2021-01-01,99.0,101.0,112.6,98.3,0.1759827970985577,0.7350318173208799,0.0006760344405195559,0
2021-02-01,98.2,99.0,109.9,95.7,0.145796805960762,0.6956594770863532,0.0008828420281311266,0
2021-03-01,97.4,101.1,111.4,100.0,0.14611072990724744,0.6637377750486534,0.0012854904493226904,0
2021-04-01,96.1,101.0,107.1,100.2,0.12003411836162825,0.5715498910851454,0.0006701644779982798,0
2021-05-01,96.0,101.2,97.3,100.5,0.10578974230437382,0.5169572965927951,0.0005577526896742532,0
2021-06-01,97.9,100.3,94.2,100.8,0.11665741884876041,0.5422741175742143,0.0005896838427686098,0
2021-07-01,97.0,101.2,100.4,100.7,0.11821908357661876,0.6074731397059581,0.0006846476021200757,0
2021-08-01,99.8,98.3,84.1,99.4,0.11482887392695373,0.5549605756481051,0.0005880261348303942,0
2021-09-01,100.5,98.4,82.6,101.0,0.14309496591850562,0.6174160380045205,0.0007636736254782626,0
2021-10-01,105.0,98.6,93.0,101.4,0.16354268501604302,0.5929621356290801,0.0006846775353247355,0
2021-11-01,104.2,99.7,101.1,101.5,0.3968582518699454,0.7776856629504966,0.0021680316781640314,0
2021-12-01,108.9,100.3,106.3,100.4,0.43716485462939036,0.7673782830698965,0.0028770532594937256,0
2022-01-01,100.1,100.3,104.9,102.9,0.732110907188713,0.803565136832642,0.3399014721821753,0
2022-02-01,103.1,100.0,102.0,103.3,0.31103618937550437,0.38261790135221374,0.06946918278204253,0
2022-03-01,107.8,99.0,87.2,103.8,0.3157694755015856,0.32683569390793027,0.06296105193345686,0
2022-04-01,96.3,100.1,96.8,102.4,0.5621065017844032,0.7129013812317069,0.0980656377583744,0
2022-05-01,99.5,99.6,102.2,103.1,0.18295091721343293,0.21499855891662262,0.033936192364528425,0
2022-06-01,95.7,98.7,104.1,102.5,0.1471619533770604,0.1597373318684464,0.033343169099288764,0
2022-07-01,93.9,98.0,107.1,101.8,0.14303259624625364,0.11220334252601405,0.04033688898345604,0
2022-08-01,91.6,97.8,105.6,102.2,0.12534743189054054,0.1064553109239173,0.04895307351122418,0
2022-09-01,93.5,98.0,113.2,101.8,0.13422616605401788,0.104902234046019,0.08480089437695781,0
2022-10-01,87.8,96.7,110.2,102.7,0.13771903456599893,0.17840990554982905,0.0906203104770767,0
2022-11-01,86.3,96.9,114.5,103.0,0.22333203011100222,0.23084972526646774,0.24661817158783733,0
2022-12-01,98.1,95.2,117.1,100.9,0.4632891852168329,0.2520223883500038,0.5615735145790128,0
2023-01-01,83.6,96.1,116.2,103.9,0.05349095990747855,0.2294874042630934,0.1086799466663324,0
2023-02-01,83.2,95.6,122.1,105.2,0.07348589492514733,0.12115621706929769,0.1643101278574277,0
2023-03-01,83.3,94.8,120.0,104.3,0.3217054269486028,0.35312072799965777,0.4741005616735748,0
2023-04-01,86.2,93.5,116.8,103.9,0.5848947660860443,0.7161880346078109,0.8133305697902288,0
2023-05-01,94.1,94.6,123.9,104.7,0.4549716325223805,0.5340543494073694,0.6602127080113325,0
2023-06-01,89.8,94.1,118.5,104.4,0.28557268469037045,0.27426427788503716,0.3175615862691133,0
2023-07-01,87.1,93.8,116.3,105.0,0.19111626609125965,0.28563906824619933,0.29432687492520293,0
2023-08-01,82.7,93.2,114.5,104.3,0.2406399192408465,0.3893519266440981,0.41712807751412107,0
2023-09-01,85.6,93.4,115.4,104.7,0.44623986640916213,0.5391429914221217,0.5734022745559753,0
2023-10-01,84.7,93.2,117.0,104.2,0.4661811525033538,0.46690285392962844,0.8817410594912622,0
2023-11-01,85.2,92.9,116.4,103.6,0.21140050720771802,0.5552292881505486,0.8010148983046168,0
2023-12-01,80.0,92.8,114.4,104.8,0.6019637311536129,0.8097739876328289,0.812378735793058,0
2024-01-01,81.6,91.9,111.0,103.1,0.7404474263859644,0.9368617382957711,0.9658259681798695,0
2024-02-01,84.9,93.5,113.2,103.7,0.7359546627410894,0.8953710144688363,0.8566513697319462,0
2024-03-01,81.5,93.1,109.8,103.0,0.6749139641072106,0.8922082194858143,0.8508222075933218,0
2024-04-01,84.4,93.0,111.6,102.7,0.715875481768011,0.9108186752518537,0.8885969745933978,0
2024-05-01,84.3,91.6,104.0,101.9,0.663327026685932,0.893005183923538,0.8823938678782286,0
2024-06-01,82.9,92.5,109.1,102.5,0.6172458803725808,0.849971322044243,0.8533882075036782,0
2024-07-01,85.7,91.5,104.5,101.9,0.640632269925963,0.8877906300803895,0.8756252823989853,0
2024-08-01,87.0,91.5,112.8,102.6,0.576464804383396,0.8561350650578874,0.8471327483696801,0
2024-09-01,82.3,91.4,106.6,102.0,0.5309129789540364,0.840529011429705,0.8235527030073635,0
2024-10-01,82.8,91.2,106.8,101.5,0.5701553882940369,0.8873098534563952,0.8854410691040941,0
2024-11-01,83.0,91.5,106.0,103.2,0.5727261746262181,0.9119332314487645,0.8935335197083236,0
2024-12-01,79.8,90.1,97.6,103.2,0.5547172701965407,0.9371300811392994,0.9156369478107275,0
2025-01-01,82.4,91.8,101.6,106.3,0.5856211660056003,0.9457166364737689,0.9222034846537541,0
2025-02-01,82.5,91.6,102.5,104.8,0.5793113157353932,0.9492803100328211,0.9161332588552624,0
2025-03-01,83.3,91.4,107.0,104.8,0.556420004077627,0.9502370074612415,0.9205177405927187,0
2025-04-01,83.3,92.0,106.6,105.1,0.5420248349413868,0.9220646343209113,0.8846519331831831,0
2025-05-01,79.3,91.3,105.5,104.2,0.5442638254321215,0.9329125255647516,0.8921071468274883,0
2025-06-01,78.9,91.3,110.1,104.5,0.6164915747377342,0.9539790366005629,0.9244541674723484,0
2025-07-01,79.2,91.8,109.4,105.6,0.6574548273859755,0.9559367926103141,0.9196405865565318,0
2025-08-01,79.1,92.1,100.6,104.4,0.6758151793692306,0.9561971807671561,0.9095434370397504,0
2025-09-01,79.3,91.2,106.2,104.1,0.6835628784965773,0.960709423832954,0.9234792766981507,0
2025-10-01,79.3,91.9,103.5,105.7,0.6549952956512914,0.9528379600533493,0.9073423823184459,0
2025-11-01,78.7,91.4,108.3,104.2,0.6597949011755093,0.9445265598683592,0.8892735596458435,0
2025-12-01,80.5,91.2,103.1,105.1,0.6551816750540946,0.9562935698642502,0.916016871831395,0
2026-01-01,78.9,90.6,103.4,102.9,0.6133610474688398,0.9464768994938388,0.8848556817531358,0
2026-02-01,79.3,90.5,104.6,103.0,0.6118485007675992,0.9575622696270867,0.9217797303725235,0
2026-03-01,79.3,90.5,104.6,103.0,0.05652404109445411,0.9390069199333979,0.9650619246722202,0
